0,-1,1,1,Standard Grand
0,-1,2,2,Studio Grand 
0,-1,3,3,RubensteinSWComp
0,-1,4,4,Horowitz Grand 
0,-1,5,5,NYC Jazz Grand 
0,-1,6,6,Pop Power Piano 
0,-1,7,7,ColdPliano  
0,-1,8,8,Grand  "Evans"
0,-1,9,9,Blues Piano 1974
0,-1,10,10,Rock Piano 1974
0,-1,11,11,Lola Piano
0,-1,12,12,TakeMeToThePilot
0,-1,13,13,Deb's  Ghost Pno
0,-1,14,14,Ken Brns Uprigt
0,-1,15,15,SMiLE/RkyRaccoon
0,-1,16,16,Piano & String
0,-1,17,17,Beaten in Rhds  
0,-1,18,18,Stevie's Rhds   
0,-1,19,19,Gilpin'sSuitcase
0,-1,20,20,Duke's Dyno Rhds
0,-1,21,21,MotorBootyMutron
0,-1,22,22,Sweet Loretta EP
0,-1,23,23,Rhds/WahSW
0,-1,24,24,Hotrod Dyno Rhds
0,-1,25,25,WoodstockClunker
0,-1,26,26,Stage Mix Wurly 
0,-1,27,27,Supertramp Wurly
0,-1,28,28,FlydDarkside/Wah
0,-1,29,29,What'd I SayWrly
0,-1,30,30,DeepFuzz Wurly 
0,-1,31,31,No Quarter Pnt
0,-1,32,32,MistyMountain EP
0,-1,33,33,UK Pop CP70
0,-1,34,34,AcidJazzVelFlute
0,-1,35,35,TimbaSynth 
0,-1,36,36,Blue PVC Tubes  
0,-1,37,37,SimpleHipHopLead
0,-1,38,38,Stereo TouchKoto
0,-1,39,39,Modwheel DJ    
0,-1,40,40,Retro Sparkle
0,-1,41,41,RealSupasticious
0,-1,42,42,Joe's Clav
0,-1,43,43,Rufus/Marley WAH
0,-1,44,44,Black Cow Clav
0,-1,45,45,Hiya Ground sw
0,-1,46,46,TrampledUnder D6
0,-1,47,47,Harpsichord
0,-1,48,48,BriteHarpsichord
0,-1,49,49,PicturOfNectar
0,-1,50,50,PerfectStrangers
0,-1,51,51,Funky Perc
0,-1,52,52,Soul Perc
0,-1,53,53,First Three
0,-1,54,54,70s Drawbars
0,-1,55,55,Progbars
0,-1,56,56,Ezra II
0,-1,57,57,Power Pop Horns
0,-1,58,58,Sax/Trumpet Sctn
0,-1,59,59,BigBand/AMradio
0,-1,60,60,MeanSalsaSection
0,-1,61,61,R&B/Funk Section
0,-1,62,62,Bassie Orchestra
0,-1,63,63,P*Funk Horns
0,-1,64,64,70s Stones Horns
0,-1,65,65,Big LA Strings 
0,-1,66,66,DarkNYCStudio
0,-1,67,67,Pop Tripper Str 
0,-1,68,68,LoFi Studio Str 
0,-1,69,69,Vienna Octaves
0,-1,70,70,London Spiccato 
0,-1,71,71,Pizzicato
0,-1,72,72,Tremolando 
0,-1,73,73,Choir Complete
0,-1,74,74,Haah Singers 
0,-1,75,75,Manhattan Voices
0,-1,76,76,Aaahlicious
0,-1,77,77,NYC in LA   
0,-1,78,78,Crystal Voices
0,-1,79,79,Airy Pad
0,-1,80,80,Cathedral Vox
0,-1,81,81,Classic Comp 
0,-1,82,82,Fitty-Fitty Lead
0,-1,83,83,Big Old Jupiter
0,-1,84,84,9Yards Bass 
0,-1,85,85,BowhSaw Bass
0,-1,86,86,ARPesque Bass
0,-1,87,87,DaywalkerBassMW
0,-1,88,88,Harpolicious  
0,-1,89,89,Slo QuadraPad
0,-1,90,90,Phase Shimmer
0,-1,91,91,Le Pesque 
0,-1,92,92,Wispy One
0,-1,93,93,Bladerunner ARP
0,-1,94,94,Fairlight Pad
0,-1,95,95,Tronesque
0,-1,96,96,So Lush Pad
0,-1,97,97,Boutique Six Str
0,-1,98,98,Boutique 12 Str 
0,-1,99,99,Emo Verser  
0,-1,100,100,Voxxed Elec 12
0,-1,101,101,Real Nylon     
0,-1,102,102,Dual Strat  
0,-1,103,103,BurningTubes MW
0,-1,104,104,Rockin' Lead MW
0,-1,105,105,P-Bass  
0,-1,106,106,E-Bass
0,-1,107,107,Beasties Bass
0,-1,108,108,Flea/Bootsy
0,-1,109,109,Big Dummy       
0,-1,110,110,Jaco  Fretless 
0,-1,111,111,Upright Growler 
0,-1,112,112,Levin/GabrlFrtls
0,-1,113,113,NYC Kits
0,-1,114,114,LA Kits 
0,-1,115,115,Rock Kits 
0,-1,116,116,Roots/Indie Kit
0,-1,117,117,Kikz/Snarz MW
0,-1,118,118,EarthKikz n Snrz
0,-1,119,119,Anazlog Machine 
0,-1,120,120,Produced Kit '08
0,-1,121,121,Natural Perc    
0,-1,122,122,Rhythm 4 Reel
0,-1,123,123,New Marimba 
0,-1,124,124,2-HandSteelDrums
0,-1,125,125,Real Vibes
0,-1,126,126,SteamPunkMallets
0,-1,127,127,Magic Celeste
1,-1,0,128,Drums 'n Bells
1,-1,1,129,Piano Stack
1,-1,2,130,Dark Grand
1,-1,3,131,Grand Piano 440
1,-1,4,132,Piano Recital
1,-1,5,133,Ole Upright 1
1,-1,6,134,WestCoastPno&Pad
1,-1,7,135,Perfect PnoPad
1,-1,8,136,Dreamy Piano  
1,-1,9,137,Piano w DvStrgs
1,-1,10,138,PnoAgtStrngs
1,-1,11,139,The Ancient
1,-1,12,140,DancePnoEchplex 
1,-1,13,141,Ivory Harp
1,-1,14,142,Piano Lushness
1,-1,15,143,Piano & Wash
1,-1,16,144,Piano & Vox Pad
1,-1,17,145,XfadBelltoneRhds
1,-1,18,146,Extreme Hardstrk
1,-1,19,147,Fagen Phaser
1,-1,20,148,RoyalScam Rhds  
1,-1,21,149,AustnCtyLmtsWrly
1,-1,22,150,BrightDynamicWly
1,-1,23,151,'70sWahLeslieEP 
1,-1,24,152,3 Dog Pianet
1,-1,25,153,Classic DX Rhds 
1,-1,26,154,Rich EP+Pad
1,-1,27,155,90's FM Shimmer 
1,-1,28,156,Bright HardstrEP
1,-1,29,157,Crisp and Soft
1,-1,30,158,Soft Warm Ballad
1,-1,31,159,TX Stack 1
1,-1,32,160,Tight Bright FM 
1,-1,33,161,PolyTechnobreath
1,-1,34,162,PianoSynth Stack
1,-1,35,163,Elec Grand Stack
1,-1,36,164,BigSyn/HornStack
1,-1,37,165,'70s Arena Synth
1,-1,38,166,'80s Arena Synth
1,-1,39,167,'90s Funk Stack
1,-1,40,168,Nexx Prog Stack
1,-1,41,169,Crisp Clav
1,-1,42,170,Stevie Fuzz
1,-1,43,171,HeartbreakerWAH 
1,-1,44,172,ChoclateSaltyClv
1,-1,45,173,SailinShoes Clav
1,-1,46,174,StopMakingSense
1,-1,47,175,Harpsi Rotovibe
1,-1,48,176,PhsyclGrafitiClv
1,-1,49,177,ParisCmboAccordn
1,-1,50,178,WhiterShadeB3
1,-1,51,179,Doors Vox
1,-1,52,180,Indagardenoveden
1,-1,53,181,Animals  Vox
1,-1,54,182,Magic Wolf
1,-1,55,183,Farfisa 1
1,-1,56,184,VASTBars1-3,8&9 
1,-1,57,185,1-Note PowerRiff
1,-1,58,186,Miami Pop Horns
1,-1,59,187,80sPopOctaveSax 
1,-1,60,188,BuenaVista Brass
1,-1,61,189,Tenor Express
1,-1,62,190,Sgt.Pepper Brass
1,-1,63,191,Goldfinger Brass
1,-1,64,192,Bari/TenorSect 
1,-1,65,193,Studio A Strings
1,-1,66,194,Studio B Octaves
1,-1,67,195,NashvilleStrings
1,-1,68,196,Processed Strgs
1,-1,69,197,Owen's Strings
1,-1,70,198,Studio C Strings
1,-1,71,199,Tender Strings
1,-1,72,200,Toxic Strings
1,-1,73,201,Mixed Choir
1,-1,74,202,Concert Choir  
1,-1,75,203,Aaah Vocals
1,-1,76,204,Jazzy Ballad Vox
1,-1,77,205,AntiqueAhhChorus
1,-1,78,206,Bright Syn Vox
1,-1,79,207,Vox Orgel
1,-1,80,208,Vox & Strings
1,-1,81,209,Press Lead    
1,-1,82,210,ClassSquare
1,-1,83,211,ARP2500 Brass 
1,-1,84,212,SynBell Morph
1,-1,85,213,Perc>Morph>Bass 
1,-1,86,214,EvilOctaveWheel 
1,-1,87,215,TranceRiff  
1,-1,88,216,SickoSynco
1,-1,89,217,Buzzy Strings 
1,-1,90,218,VA1Saw/Sqr/Pulse
1,-1,91,219,Airy Impact 
1,-1,92,220,Spider's Web
1,-1,93,221,ARP Big Synth 
1,-1,94,222,Class Pad
1,-1,95,223,HarmonicEnvelops
1,-1,96,224,Heaven & Earth 
1,-1,97,225,Bling 6 String
1,-1,98,226,MediumCrunchLead
1,-1,99,227,DoubleCleanChrs 
1,-1,100,228,Comp'd  Phaser 
1,-1,101,229,TremBucker    
1,-1,102,230,Cascade Sitar
1,-1,103,231,Heavy Buckers 
1,-1,104,232,Nasty'70s Guitar
1,-1,105,233,Finger Bass  
1,-1,106,234,KneeDeepMinimoog
1,-1,107,235,AC Buzzer Bass
1,-1,108,236,Motown Bass
1,-1,109,237,Squire'sHeavyPik
1,-1,110,238,Lowdown Bass
1,-1,111,239,Eberhardt Frtls
1,-1,112,240,Sly Bass
1,-1,113,241,Maroon Drums  
1,-1,114,242,BourneRemixDrum 
1,-1,115,243,BeastieRetroDrum
1,-1,116,244,DryPumpin'Drums 
1,-1,117,245,'60s Rock&Soul  
1,-1,118,246,Headhunters Kit 
1,-1,119,247,FranticHouseDrms
1,-1,120,248,Dance/Marilyn   
1,-1,121,249,Mellow Marimba
1,-1,122,250,Skullophonic 
1,-1,123,251,Percussionist
1,-1,124,252,Shiny Sparkles
1,-1,125,253,HybridTuned Perc
1,-1,126,254,Dynamic Perc 
1,-1,127,255,Cage's Ensemble
2,-1,0,256,Magic Mbira
2,-1,1,257,CP80 Enhanced
2,-1,2,258,Gabriel's Melt
2,-1,3,259,VideoKilledRadio
2,-1,4,260,Brighter CP
2,-1,5,261,TouchRezSynthCP
2,-1,6,262,Power CP
2,-1,7,263,Dark Chorus CP
2,-1,8,264,Inside Out CP
2,-1,9,265,Pianet Classic
2,-1,10,266,She's Not There
2,-1,11,267,Walrus Pianet
2,-1,12,268,Flaming Hohner
2,-1,13,269,PowerChordPianet
2,-1,14,270,Sly Ballad
2,-1,15,271,Black Friday
2,-1,16,272,These Eyes
2,-1,17,273,VA1 Saw Lead
2,-1,18,274,VA1 Sqr Lead
2,-1,19,275,MaroonSynBass   
2,-1,20,276,VA1DistBassSolo!
2,-1,21,277,DownwardSpiralMW
2,-1,22,278,VA1DstPulseWheel
2,-1,23,279,NewOrderPulses  
2,-1,24,280,VA1 DetunedPulse
2,-1,25,281,VA1 Detuned Saws
2,-1,26,282,VA1 Detuned Sqrs
2,-1,27,283,VA1 Emerson Lead
2,-1,28,284,MwhlClubsweeper 
2,-1,29,285,Innervate 
2,-1,30,286,ChemBrosBassLead
2,-1,31,287,UFO Pad        
2,-1,32,288,VA1SliderMorphSQ
2,-1,33,289,Shoobie Model C
2,-1,34,290,Stereo Pickups
2,-1,35,291,70sBubblegumClav
2,-1,36,292,TreblClavWhlmute
2,-1,37,293,Mutron+Synth sw
2,-1,38,294,Bi*Phaz Clav
2,-1,39,295,'80s Flange Clav
2,-1,40,296,VAST Env SynClav
2,-1,41,297,Charlemagne Clav
2,-1,42,298,Switch Pickups  
2,-1,43,299,EvilWomanDeepFuz
2,-1,44,300,Headhunters WAH
2,-1,45,301,MorleyWAH Clav
2,-1,46,302,Dbl WAH Insanity
2,-1,47,303,Psychedeliclav
2,-1,48,304,Preston SpaceWah
2,-1,49,305,Analog/DigHybrid
2,-1,50,306,Jump! Obx
2,-1,51,307,'80s End Credits
2,-1,52,308,VA1Distlead CC  
2,-1,53,309,Divider  
2,-1,54,310,Mono Trekkies
2,-1,55,311,Disco Divebomb
2,-1,56,312,MutronTweetyPerc
2,-1,57,313,Disgusting Bass 
2,-1,58,314,VA1ShaperSweeper
2,-1,59,315,ElectroPercSynth
2,-1,60,316,MWhlMayhemBass
2,-1,61,317,ElectronicaSplit
2,-1,62,318,HiPassMWhlBlips 
2,-1,63,319,Plasma Cannon
2,-1,64,320,32 Layer Bass!  
2,-1,65,321,Yesesis Tron Str
2,-1,66,322,Moby TurntblTron
2,-1,67,323,Space Oditty
2,-1,68,324,RocknRollSuicide
2,-1,69,325,Octave Tron Str
2,-1,70,326,Siberian Khatru
2,-1,71,327,Modwhl Remix Str
2,-1,72,328,Pdl PitchbendStr
2,-1,73,329,Silent Sorrow
2,-1,74,330,Bandpass Choir
2,-1,75,331,Swept Tron Voice
2,-1,76,332,Mellotron Flutes
2,-1,77,333,SldrEQ Mltrn Vox
2,-1,78,334,StrawberryFlutes
2,-1,79,335,White Satin Splt
2,-1,80,336,3Way Split Mltrn
2,-1,81,337,RMI Harpsi
2,-1,82,338,Lamb Lies Down
2,-1,83,339,RMI Piano&Harpsi
2,-1,84,340,BrightRMI Pn/Hrp
2,-1,85,341,Dual Mode Harpsi
2,-1,86,342,RoyalKingWakeman
2,-1,87,343,OrganMode Pn/Hrp
2,-1,88,344,Dr.John's RMI
2,-1,89,345,Phase sw Organ
2,-1,90,346,Spaced Out Bach
2,-1,91,347,Tobacco Road RMI
2,-1,92,348,Traffic EP
2,-1,93,349,Tekno Tempo Echo
2,-1,94,350,Trick of th'Tail
2,-1,95,351,RMI Clav WAH
2,-1,96,352,Dream On Session
2,-1,97,353,LightYearStrings
2,-1,98,354,Funkensteinz ARP
2,-1,99,355,Murky Rez Pad
2,-1,100,356,St PanPhase ARP
2,-1,101,357,ARP Str+Oberheim
2,-1,102,358,FX Sweep ARP
2,-1,103,359,HotFilter ARP
2,-1,104,360,St.P PWM BASS  
2,-1,105,361,SquareChirpLead
2,-1,106,362,My Old PPG*2.3
2,-1,107,363,Kashmir Str+Brs
2,-1,108,364,Genesis Broadway
2,-1,109,365,GarthsLastWaltz
2,-1,110,366,Synbrass Pillow
2,-1,111,367,Warszawa Layers
2,-1,112,368,ELOStringSection
2,-1,113,369,Outkast Drums
2,-1,114,370,PopRock'08 Kit
2,-1,115,371,Hello Brooklyn
2,-1,116,372,Snoop Kit
2,-1,117,373,EpicRemixDrums
2,-1,118,374,ZooYorkRemixDrms
2,-1,119,375,Roc-A-Fella Kit 
2,-1,120,376,Breakestra Kit  
2,-1,121,377,Cosmic Sus Pedal
2,-1,122,378,DigitalMoonscape
2,-1,123,379,Falgor'sLament  
2,-1,124,380,BPM BionicStrngs
2,-1,125,381,Swell & Hold
2,-1,126,382,Bowie/Heroes Pad
2,-1,127,383,MeanStereoSweep 
3,-1,0,384,PulseVowel
3,-1,1,385,Winds & Strings
3,-1,2,386,Winds, Horn & Str 
3,-1,3,387,More Brass & Str
3,-1,4,388,LH Timp Roll Orch
3,-1,5,389,Gothic Climax 
3,-1,6,390,Denouement 
3,-1,7,391,Poltergeist Trem
3,-1,8,392,Many Characters 
3,-1,9,393,Pizz w/PercUpTop
3,-1,10,394,Fast Str & Perc
3,-1,11,395,Fast Winds &Pizz
3,-1,12,396,Imperial Army 
3,-1,13,397,BattleSceneOrch
3,-1,14,398,Final Victory 
3,-1,15,399,SloLineInterlude
3,-1,16,400,Winds&EspressStr
3,-1,17,401,Fast Winds & Str
3,-1,18,402,SugarPlumFairies
3,-1,19,403,AdagioPizz Split
3,-1,20,404,Pastoral Orch 
3,-1,21,405,Pastoral Clr Flt
3,-1,22,406,Pastoral DblRds
3,-1,23,407,Pastoral w/ Pizz 
3,-1,24,408,Strings & Silver
3,-1,25,409,Reeds & Bells
3,-1,26,410,Perc Atk Strings
3,-1,27,411,William Tell A
3,-1,28,412,William Tell B
3,-1,29,413,Orch w/ Bells On
3,-1,30,414,Winds & Esp Str
3,-1,31,415,Horns,Winds&Str
3,-1,32,416,TripleStrikeOrch
3,-1,33,417,Tutti Orchestra 
3,-1,34,418,StBaroque Harpsi
3,-1,35,419,String Continuo
3,-1,36,420,VivaldiOrchestra
3,-1,37,421,Trumpet Voluntary
3,-1,38,422,Fifes & Drums
3,-1,39,423,Solo Flute 
3,-1,40,424,Tremolo Flute 
3,-1,41,425,Fast Orch Flute
3,-1,42,426,Piccolo
3,-1,43,427,Solo Oboe
3,-1,44,428,Slow Oboe
3,-1,45,429,Fast Orch Oboe 
3,-1,46,430,Lead Oboe
3,-1,47,431,Solo Eng Hrn prs
3,-1,48,432,Fast Orch EngHrn
3,-1,49,433,Slow EngHorn prs
3,-1,50,434,Lead English Horn
3,-1,51,435,Solo Clarinet
3,-1,52,436,Slo OrchClarinet
3,-1,53,437,Fast Orch Clar 
3,-1,54,438,Lead Clarinet
3,-1,55,439,Solo Bassoon
3,-1,56,440,Solo Bassoon vib
3,-1,57,441,Solo Dbl Reeds
3,-1,58,442,Woodwind Section
3,-1,59,443,Ensemble WWinds 
3,-1,60,444,BassClar/Clar/Fl
3,-1,61,445,Solo Fr Horn
3,-1,62,446,Ensemble Fr Horn
3,-1,63,447,Lead French Horn
3,-1,64,448,Dyn Orch Fr Horns
3,-1,65,449,HornSect Layer 
3,-1,66,450,Solo BrtTrumpet 
3,-1,67,451,Hard Trumpet
3,-1,68,452,Lead Trumpet
3,-1,69,453,Soft Trumpet
3,-1,70,454,Slow Soft Trp
3,-1,71,455,Two Lead Trumpets
3,-1,72,456,Lead MuteTrumpet
3,-1,73,457,Solo Tenor Sax
3,-1,74,458,Sax,Horns,MuteTrp
3,-1,75,459,Solo Trombone
3,-1,76,460,Ens Trombone
3,-1,77,461,Trombone Section
3,-1,78,462,Dyn Orch Bones 
3,-1,79,463,Bari Horn Section
3,-1,80,464,Dyn Bari Horns 
3,-1,81,465,Solo Tuba
3,-1,82,466,Dyn Orch Tuba 
3,-1,83,467,Low Orch Brass
3,-1,84,468,Low Brass Chorale 
3,-1,85,469,Fast Orch Brass 
3,-1,86,470,Brass Fanfare
3,-1,87,471,Dyn Orch Trumpets
3,-1,88,472,Solo Violin fast
3,-1,89,473,Folk Violin slow
3,-1,90,474,Solo Viola fast
3,-1,91,475,Solo Viola slow
3,-1,92,476,Solo Cello fast
3,-1,93,477,Solo Cello slow
3,-1,94,478,Solo Basso 1
3,-1,95,479,Solo Basso 2 slo
3,-1,96,480,String Quartet 
3,-1,97,481,Solo Harp
3,-1,98,482,Orch Harp 1
3,-1,99,483,Delicate Harp 
3,-1,100,484,HarpArps & Gliss
3,-1,101,485,Slo Orch Chorus 
3,-1,102,486,Pipe Stops
3,-1,103,487,Soft Stops 
3,-1,104,488,All Stops 
3,-1,105,489,Chapel Organ
3,-1,106,490,AllStops AllVox
3,-1,107,491,Pipes & Voices
3,-1,108,492,Orch Timpani
3,-1,109,493,Solo Timpani
3,-1,110,494,Tam/Cym/BD/Timp
3,-1,111,495,Basic Orch Perc 
3,-1,112,496,Timp & Aux Perc 
3,-1,113,497,Temple Blocks
3,-1,114,498,Modern Blockery
3,-1,115,499,Perc & Blocks
3,-1,116,500,Stereo Tam-tam
3,-1,117,501,Cymbal Roll Tr
3,-1,118,502,Xylophone
3,-1,119,503,Solo Marimba
3,-1,120,504,Orch Marimba
3,-1,121,505,Vibraphone
3,-1,122,506,Celeste
3,-1,123,507,Glockenspiel 
3,-1,124,508,Chimes/Glock
3,-1,125,509,Bells Across
3,-1,126,510,CelesteGlockHarp
3,-1,127,511,Chime Bell
4,-1,0,512,Carillon
4,-1,1,513,Adagio Strings
4,-1,2,514,Adagio Divisi St
4,-1,3,515,Lead Strings
4,-1,4,516,Lead Divisi Str 
4,-1,5,517,Fast Strings
4,-1,6,518,Fast Divisi Str
4,-1,7,519,Aggresso Strings
4,-1,8,520,AggressDivisiStr
4,-1,9,521,Adagio Tutti Mix
4,-1,10,522,AdagioDivisi Mix
4,-1,11,523,Lead Divisi Mix
4,-1,12,524,Lead Tutti Mix 
4,-1,13,525,Fast Tutti Mix
4,-1,14,526,Fast Divisi Mix
4,-1,15,527,AggressTutti Mix
4,-1,16,528,AggressDivisiMix
4,-1,17,529,Agrs lo/Trem hi
4,-1,18,530,AgresTrem 8ves 
4,-1,19,531,AgressoHalfTrem 
4,-1,20,532,Fast Tremolandi
4,-1,21,533,SloStr Prs Trem
4,-1,22,534,Marcato PrsTrem 
4,-1,23,535,Sfz Prs Trem 
4,-1,24,536,Poltergeist Pad 
4,-1,25,537,AdagioTremSplit
4,-1,26,538,Full Pizzicato
4,-1,27,539,Touch Full Pizz
4,-1,28,540,Variable Pizz
4,-1,29,541,PizzBass/ArcoLead
4,-1,30,542,Lead & Adagio
4,-1,31,543,Adagio Split 
4,-1,32,544,Adagio Bs/Vln I 
4,-1,33,545,TripleStrike Str
4,-1,34,546,AdagioTutti 8ves
4,-1,35,547,AdagioDiv 8ves 
4,-1,36,548,Adagio Octaves
4,-1,37,549,Lead & 8vaAdagio
4,-1,38,550,Dual Slow Split 
4,-1,39,551,LeadTuttiMix B
4,-1,40,552,Lead Strings Split
4,-1,41,553,Lead MixOctvs 
4,-1,42,554,Divisi Mix +solo
4,-1,43,555,Lead Upper Range
4,-1,44,556,Lead Div 8ves 
4,-1,45,557,Dual UpperDivisi
4,-1,46,558,Dual Upper tutti
4,-1,47,559,Dual Half Trem 
4,-1,48,560,Fast Mix Octaves
4,-1,49,561,Fast Divisi 8ves
4,-1,50,562,Marcato divisi 
4,-1,51,563,Marcato Mix 1
4,-1,52,564,Marcato Mix 2
4,-1,53,565,Marcato Mix 3
4,-1,54,566,Slo Muted Strings
4,-1,55,567,Largo Mix 
4,-1,56,568,Largo Mix 2 
4,-1,57,569,Largo conSordino
4,-1,58,570,Largo 8ves
4,-1,59,571,Espressivo Lead 
4,-1,60,572,EspressivoViolas
4,-1,61,573,Slow Thick Mix 
4,-1,62,574,VerySloVeryThick
4,-1,63,575,Touch Thick Mix 
4,-1,64,576,More  Viola 
4,-1,65,577,SloStr Prs Swell
4,-1,66,578,Rite of Strings 
4,-1,67,579,Adagio Violins I
4,-1,68,580,Adagio ViolinsII
4,-1,69,581,AdagioViolin div
4,-1,70,582,Adagio Violas 
4,-1,71,583,AdagioViolas div
4,-1,72,584,Adagio Celli 
4,-1,73,585,Adagio Celli div
4,-1,74,586,Adagio Bassi 
4,-1,75,587,Adagio Bassi div
4,-1,76,588,Adagio Tremolo  
4,-1,77,589,Lead Violins I
4,-1,78,590,Lead Violins II
4,-1,79,591,Lead Violins div
4,-1,80,592,Lead Violas
4,-1,81,593,Lead Violas div
4,-1,82,594,Lead Celli
4,-1,83,595,Lead Celli div
4,-1,84,596,Lead Bassi  
4,-1,85,597,Lead Bassi div
4,-1,86,598,Lead Tremolo 
4,-1,87,599,Fast Violin I
4,-1,88,600,Fast Violin II
4,-1,89,601,Fast Violin div
4,-1,90,602,Fast Viola
4,-1,91,603,Fast Viola div
4,-1,92,604,Fast Cello
4,-1,93,605,Fast Cello div
4,-1,94,606,Fast Bassi
4,-1,95,607,Fast Bassi div
4,-1,96,608,Fast Tremolo 
4,-1,97,609,Legato Violins I
4,-1,98,610,Legato Violins II
4,-1,99,611,Legato Violin div
4,-1,100,612,Legato Violas
4,-1,101,613,Legato Viola div
4,-1,102,614,Legato Celli 
4,-1,103,615,Legato Celli div
4,-1,104,616,Legato Bassi 
4,-1,105,617,Legato Bassi div
4,-1,106,618,Legato Tremolo 
4,-1,107,619,Aggresso Violin
4,-1,108,620,Aggresso Vln II
4,-1,109,621,Aggresso Violin d
4,-1,110,622,Aggresso Viola
4,-1,111,623,Aggresso Viola d
4,-1,112,624,Aggresso Cello
4,-1,113,625,Aggresso Cello d 
4,-1,114,626,Agresso Bassi
4,-1,115,627,Agresso Bassi d
4,-1,116,628,Agresso Tremolo
4,-1,117,629,Rigby's Strings
4,-1,118,630,Keyboard Strings
4,-1,119,631,StringMachine
4,-1,120,632,Lush Pad  
4,-1,121,633,Add A Pad 1
4,-1,122,634,Add a Pad 2 
4,-1,123,635,Hi Res StringPad
4,-1,124,636,LoFi Strings 
4,-1,125,637,Blue Resonance 
4,-1,126,638,AutoRes StrPad
4,-1,127,639,Ethereal Joe 
5,-1,0,640,Adagio Magic 
5,-1,1,641,Brt Natural Kit 
5,-1,2,642,SmoothRocker Kit
5,-1,3,643,Low Rocker Kit  
5,-1,4,644,SuperNatural Kit
5,-1,5,645,Big Woosh Kit 
5,-1,6,646,Fat Nat Kit 
5,-1,7,647,Abe Junior Kit  
5,-1,8,648,Charlemagne Kit
5,-1,9,649,H-Fact Kit 
5,-1,10,650,SoftCookie Kit 
5,-1,11,651,Brushes Kit     
5,-1,12,652,HipgigJunior Kit
5,-1,13,653,Cocktail Kit
5,-1,14,654,BeatBoxBrush Kit
5,-1,15,655,Jinglehop Kit   
5,-1,16,656,Tiny Bopper Kit 
5,-1,17,657,Move'n Air Kit 
5,-1,18,658,Ali's Punch Kit 
5,-1,19,659,Rock Trance Kit 
5,-1,20,660,Ringling Pop Kit
5,-1,21,661,Marley Kit  
5,-1,22,662,L'tric Nat Kit
5,-1,23,663,TrashPanTom Kit
5,-1,24,664,Tin Man Kit
5,-1,25,665,Cheapo Dist Kit 
5,-1,26,666,AngryBastard Kit
5,-1,27,667,Vibra Lunch Kit 
5,-1,28,668,Ricochet Kit 
5,-1,29,669,Frida's Gate Kit
5,-1,30,670,Metallic Cut Kit
5,-1,31,671,Cannibal Kit  
5,-1,32,672,Tunnel Feel Kit 
5,-1,33,673,Tuna Slap Kit   
5,-1,34,674,Plywood Kit  
5,-1,35,675,Door Knocker Kit
5,-1,36,676,Slapstick Kit 
5,-1,37,677,Scratchbox Kit  
5,-1,38,678,Anvil Head Kit 
5,-1,39,679,Cat Scratch Kit 
5,-1,40,680,Scream Kit MW
5,-1,41,681,Mangled Kit
5,-1,42,682,Rawhide Kit 
5,-1,43,683,Shrugie Kit
5,-1,44,684,Big Dog Kit 
5,-1,45,685,Sweeper Kit 
5,-1,46,686,Gravel Dump Kit 
5,-1,47,687,Mudflap Kit 
5,-1,48,688,Mud Slinger Kit 
5,-1,49,689,Shrug's Bros'Kit
5,-1,50,690,Wet Sponge Kit  
5,-1,51,691,Succotash Kit
5,-1,52,692,Backsweep Kit  
5,-1,53,693,Bug Zapper Kit
5,-1,54,694,Elektro Sand Kit
5,-1,55,695,Sandy Bott'm Kit
5,-1,56,696,Box o' Sand Kit 
5,-1,57,697,Fine Grit Kit 
5,-1,58,698,Matchmaker Kit
5,-1,59,699,Zucchinni Kit
5,-1,60,700,Pump da Well Kit
5,-1,61,701,L'trk Reflux Kit
5,-1,62,702,Squash Clap Kit 
5,-1,63,703,Scoopit Up Kit  
5,-1,64,704,Tone Keeper Kit 
5,-1,65,705,Phase "E" Kit   
5,-1,66,706,Straw Blow Kit  
5,-1,67,707,Falling Star Kit
5,-1,68,708,Super Ball Kit  
5,-1,69,709,Pixie Dust Kit
5,-1,70,710,Air Waves Kit  
5,-1,71,711,Tub Floater Kit 
5,-1,72,712,Why Not Kit
5,-1,73,713,Turntablism Kit
5,-1,74,714,Studio3and4 
5,-1,75,715,RadioKings
5,-1,76,716,ResonntTraps
5,-1,77,717,AmbientRock
5,-1,78,718,Coliseum Kit
5,-1,79,719,RipperKit
5,-1,80,720,TripTrash   
5,-1,81,721,Beatbox
5,-1,82,722,SumpKitMWSus
5,-1,83,723,ElectroKitMW
5,-1,84,724,Paper Tom 
5,-1,85,725,Boinker  
5,-1,86,726,GlubFlangeKit   
5,-1,87,727,DryFattyKit   
5,-1,88,728,Drums w Bass 1 
5,-1,89,729,RMI ElecKit  
5,-1,90,730,GateClapDrmLE
5,-1,91,731,Dub Kit   
5,-1,92,732,Rock Room Drums 
5,-1,93,733,ResNoise Kit    
5,-1,94,734,144ms Gated Kit 
5,-1,95,735,FatNoise Kit    
5,-1,96,736,Hypd Natural Kit
5,-1,97,737,Rango Kit   
5,-1,98,738,NoiseSlapToms  
5,-1,99,739,16LayerCake Kit
5,-1,100,740,HopRoom Kit
5,-1,101,741,Natural Ringer 
5,-1,102,742,BeachGroover  
5,-1,103,743,Rock Snarer    
5,-1,104,744,Drum Pad Kit 1  
5,-1,105,745,Filter Kit    
6,-1,1,769,FM E Piano 1 
6,-1,2,770,FM E Piano 2 
6,-1,3,771,Hybrid DX & Pad
6,-1,4,772,FluidStradaGtr
6,-1,5,773,Fluid E Gtr 
6,-1,6,774,OrganWaveComper
6,-1,7,775,Poly Brassy 
6,-1,8,776,SynBrass Comper
6,-1,9,777,PolyPitch Brass 
6,-1,10,778,Poly Sweep 2 
6,-1,11,779,Scat Vocals
6,-1,12,780,Scat Choir
6,-1,13,781,FM SqareBell
6,-1,14,782,Toot Lead
6,-1,15,783,WetToot
6,-1,16,784,LegatoBrassyLead
6,-1,17,785,Treble FM Lead
6,-1,18,786,Delicate FM Lead
6,-1,19,787,Micromoog Plus 
6,-1,20,788,Deep Vox Bed  
6,-1,21,789,SloSynOrch Wet
6,-1,22,790,Vox Bed 2
6,-1,23,791,Hi Vox Cloud
6,-1,24,792,LFO Pitcher Pad
6,-1,25,793,MagicChinaFlower
6,-1,26,794,Climax Perc
6,-1,27,795,16' Open Flute  
6,-1,28,796,16' Stop Flute
6,-1,29,797,16' Diapason
6,-1,30,798,16' Ped Bourdon
6,-1,31,799,16' Ped Diapason
6,-1,32,800,16' Ped Reed 
6,-1,33,801,16' Reed A
6,-1,34,802,16' Reed B
6,-1,35,803,16' Gamba  
6,-1,36,804,16' DiaCeleste
6,-1,37,805,16' Ballpark Sto
6,-1,38,806,16' Viol 
6,-1,39,807,8' Open Flute  
6,-1,40,808,8' Stop Flute
6,-1,41,809,8' Diapason
6,-1,42,810,8' Ped Bourdon
6,-1,43,811,8' Reed
6,-1,44,812,8' Gamba  
6,-1,45,813,8' DiaCeleste
6,-1,46,814,8' Ballpark Stop
6,-1,47,815,8' Viol 
6,-1,48,816,51/3' Ped Bourd.
6,-1,49,817,4' Open Flute  
6,-1,50,818,4' Stop Flute
6,-1,51,819,4' Diapason
6,-1,52,820,4' Ped Bourdon
6,-1,53,821,4' Reed
6,-1,54,822,4' Gamba  
6,-1,55,823,4' DiaCeleste
6,-1,56,824,4' Ballpark Stop
6,-1,57,825,4' Viol 
6,-1,58,826,2 2/3' OpenFlute
6,-1,59,827,2 2/3' StopFl 12
6,-1,60,828,2 2/3' Diapason
6,-1,61,829,2 2/3' Reed
6,-1,62,830,22/3' Gamba  
6,-1,63,831,2 2/3' DiaCelest
6,-1,64,832,22/3' Ballpark S
6,-1,65,833,2 2/3' Viol 
6,-1,66,834,2' Open Flute
6,-1,67,835,2' Stop Flute
6,-1,68,836,2' Diapason
6,-1,69,837,2' Reed
6,-1,70,838,2' Gamba  
6,-1,71,839,2' DiaCeleste
6,-1,72,840,2' Ballpark Stop
6,-1,73,841,2' Viol 
6,-1,74,842,Pro Piano  
6,-1,75,843,Big Pop Piano  
6,-1,118,886,Gregg's B
6,-1,119,887,Real AllOut B
6,-1,120,888,Clean Perc
6,-1,121,889,The Ninth Bar
6,-1,122,890,Lord's B3 MW
6,-1,123,891,OleTime Gospel
6,-1,124,892,FooledAgnVox
6,-1,125,893,BostonScreamer
6,-1,126,894,CheckYoHead B3
6,-1,127,895,Mellow Mitch II
7,-1,0,896,Big Leslie B3
7,-1,1,897,Ezra's Burner
7,-1,2,898,HotTubeGospel
7,-1,3,899,B3 Midrange
7,-1,4,900,Blues&Gospel
7,-1,5,901,Prog B3 Perc2
7,-1,6,902,Prog B3 Perc3
7,-1,7,903,Tube B3 Perc
7,-1,8,904,Prog B3 Perc4
7,-1,9,905,BrgtTubeScream
7,-1,10,906,Zepelin Solo
7,-1,11,907,Argent B3
7,-1,12,908,MusselShoalsB3
7,-1,13,909,XtremTubeB3Prc
7,-1,14,910,Classic Traffic
7,-1,15,911,Warm B3
7,-1,16,912,Warmer B3
7,-1,17,913,ChrsEchoOrgan
7,-1,18,914,SlowPhaseOrgan
7,-1,19,915,Room B      
7,-1,20,916,Lord'sDirtBomb
7,-1,21,917,Mellow Mitch
7,-1,22,918,Sly's Revenge
7,-1,23,919,LateNighter
7,-1,24,920,FirebreatheC3
7,-1,25,921,Mr Smith
7,-1,26,922,Errol G.
7,-1,27,923,Testify
7,-1,28,924,Wah B3+Echoplx
7,-1,29,925,Sweet n Nice
7,-1,30,926,Soft Chords
7,-1,31,927,SputtringingB3
7,-1,32,928,Melvin C.
7,-1,33,929,All Out
7,-1,34,930,J's Comper
7,-1,35,931,Brother Jack
7,-1,36,932,Model One
7,-1,37,933,Thick Gospel
7,-1,38,934,Growler B
7,-1,39,935,Ready 2 Rock
7,-1,40,936,Thimmer
7,-1,41,937,The Real ABC
7,-1,42,938,GospelSpecial
7,-1,43,939,In The Corner
7,-1,44,940,NightBaby
7,-1,45,941,Gimme Some
7,-1,46,942,The Grinder
7,-1,47,943,Mean Bean
7,-1,48,944,Dew Dropper
7,-1,49,945,Two Out
7,-1,50,946,J's All Out
7,-1,51,947,My Sunday
7,-1,52,948,Good Starter
7,-1,53,949,Sacrificer
7,-1,54,950,LeeMichaelsB3
7,-1,55,951,GM Standard Kit
7,-1,56,952,GM Room Kit
7,-1,57,953,GM Power Kit
7,-1,58,954,GM Elec Kit
7,-1,59,955,GM Synth Kit
7,-1,60,956,GM Jazz Kit
7,-1,61,957,GM Brush Kit
7,-1,62,958,GM Orch Kit
7,-1,63,959,VAST1-3Ch/Perc 
7,-1,64,960,VAST1-3 Ch/Perc2
7,-1,65,961,Fisher's VAST B3
7,-1,66,962,Ripply Six    
7,-1,67,963,Ripple Siner  
7,-1,68,964,Ripple Thump  
7,-1,69,965,Ripple RevDrum 
7,-1,70,966,Dark  RevDrum  
7,-1,71,967,SpacerLead 
7,-1,72,968,Ripple Sine2
7,-1,73,969,Ripple Thump2
7,-1,74,970,Blues  Harmonica
7,-1,75,971,WheelBowCello 
7,-1,76,972,WheelBowViola 
7,-1,77,973,WheelBowFiddle 
7,-1,78,974,Electric Cello 
7,-1,82,978,Classic MiniBass
7,-1,83,979,TalkWahPoly+Syn 
7,-1,84,980,MeanWahMono 
7,-1,85,981,Bass Pedal 
7,-1,86,982,SyncSqr Template
7,-1,87,983,CarpenterSndtrck
7,-1,88,984,ElectroMechLead 
7,-1,89,985,PannerTemplate 
7,-1,90,986,Hi Arp Delay
7,-1,91,987,Perc Arp Synth
7,-1,92,988,Candy*O SyncLead
7,-1,93,989,WheelSyncBlips  
7,-1,94,990,12SAWMWheelLead
7,-1,95,991,HotMalletMWheel 
7,-1,96,992,ScreaminWhlBass
7,-1,97,993,SyncWheelLead 
7,-1,98,994,ModwheelKotoSyn 
7,-1,99,995,VASprSaw 
7,-1,100,996,VASprSaw+Allpass
7,-1,101,997,Silent Program
7,-1,102,998,Click Track
7,-1,103,999,Default Program
7,-1,104,1000,Diagnostic Sine
7,-1,105,1001,Propht V Sync Ld
7,-1,106,1002,Tempo SyncPulse
7,-1,107,1003,Slo Syn Orch
7,-1,108,1004,Anabrass
7,-1,109,1005,Fat Syn Orch
7,-1,110,1006,WheelGrowlMoogue
7,-1,111,1007,The Way It Is 
7,-1,112,1008,AlphaCentauri 
7,-1,113,1009,SynOrcWhaleCall
7,-1,114,1010,Downes Lead
7,-1,115,1011,Minipulse 4Pole
7,-1,116,1012,BPM Lead  
7,-1,117,1013,GatedSqrSweepBPM
7,-1,118,1014,BPMEchplexPad 
7,-1,119,1015,GatedNoisweepBPM
7,-1,120,1016,Cars Square Lead
7,-1,121,1017,Data Shape Saw  
7,-1,122,1018,Saw+Mogue 4Pole
7,-1,123,1019,VA1NakedPWMPoly 
7,-1,124,1020,VA1NakedPWMMono 
7,-1,125,1021,VA1NakedSawPoly 
7,-1,126,1022,VA1NakedSqrPoly 
7,-1,127,1023,VA1NakedSqrMono
8,-1,0,1024,VA1NakedSawMono 
32,-1,0,4096,GM Piano 1
32,-1,1,4097,Bright Grand
32,-1,2,4098,Electric Grand
32,-1,3,4099,Honky-Tonk Pno
32,-1,4,4100,Elec Piano 1
32,-1,5,4101,Elec Piano 2
32,-1,6,4102,Harpsichord
32,-1,7,4103,Clavinet
32,-1,8,4104,GM Celesta
32,-1,9,4105,Glockenspiel
32,-1,10,4106,Music Box
32,-1,11,4107,Vibraphone
32,-1,12,4108,Marimba
32,-1,13,4109,Xylophone
32,-1,14,4110,Tubular Bells
32,-1,15,4111,Dulcimer
32,-1,16,4112,Drawbar Organ
32,-1,17,4113,Perc Organ
32,-1,18,4114,Rock Organ
32,-1,19,4115,Church Organ
32,-1,20,4116,Reed Organ
32,-1,21,4117,GM Accordion
32,-1,22,4118,Harmonica
32,-1,23,4119,Bandoneon
32,-1,24,4120,Nylon Guitar
32,-1,25,4121,Steel Str Gtr
32,-1,26,4122,Jazz Guitar
32,-1,27,4123,Clean E Gtr
32,-1,28,4124,Muted Guitar
32,-1,29,4125,Overdrive Gtr
32,-1,30,4126,Distorted Gtr
32,-1,31,4127,Gtr Harmonics
32,-1,32,4128,Acoustic Bass
32,-1,33,4129,Finger Bass
32,-1,34,4130,Picked Bass
32,-1,35,4131,Fretless Bass
32,-1,36,4132,Slap Bass 1
32,-1,37,4133,Slap Bass 2
32,-1,38,4134,Synth Bass 1
32,-1,39,4135,Synth Bass 2
32,-1,40,4136,Violin
32,-1,41,4137,Viola
32,-1,42,4138,Cello
32,-1,43,4139,Contrabass
32,-1,44,4140,Tremolo Strings
32,-1,45,4141,Pizz Strings
32,-1,46,4142,Harp
32,-1,47,4143,Timpani
32,-1,48,4144,Ensemble Strings
32,-1,49,4145,GM Slow Strs
32,-1,50,4146,Synth Strings 1
32,-1,51,4147,Synth Strings 2
32,-1,52,4148,Choir Aahs
32,-1,53,4149,Voice Oohs
32,-1,54,4150,Synth Vox
32,-1,55,4151,Orchestra Hit
32,-1,56,4152,Trumpet
32,-1,57,4153,Trombone
32,-1,58,4154,Tuba
32,-1,59,4155,Muted Trumpet
32,-1,60,4156,French Horn
32,-1,61,4157,Brass Section
32,-1,62,4158,Synth Brass 1
32,-1,63,4159,Synth Brass 2
32,-1,64,4160,Soprano Sax
32,-1,65,4161,Alto Sax
32,-1,66,4162,Tenor Sax
32,-1,67,4163,Baritone Sax
32,-1,68,4164,Oboe
32,-1,69,4165,English Horn
32,-1,70,4166,Bassoon
32,-1,71,4167,Clarinet
32,-1,72,4168,Piccolo
32,-1,73,4169,Flute
32,-1,74,4170,Recorder
32,-1,75,4171,Pan Flute
32,-1,76,4172,Bottle Blow
32,-1,77,4173,Shakuhachi
32,-1,78,4174,Whistle
32,-1,79,4175,Ocarina
32,-1,80,4176,Square Wave
32,-1,81,4177,Sawtooth Wave
32,-1,82,4178,Synth Calliope
32,-1,83,4179,Chiffer Lead
32,-1,84,4180,Charang
32,-1,85,4181,Solo Vox
32,-1,86,4182,5th Saw Wave
32,-1,87,4183,Bass & Lead
32,-1,88,4184,Fantasia
32,-1,89,4185,Warm Pad
32,-1,90,4186,Polysynth
32,-1,91,4187,Space Voice
32,-1,92,4188,Bowed Glass
32,-1,93,4189,Metal Pad
32,-1,94,4190,Halo Pad
32,-1,95,4191,Sweep Pad
32,-1,96,4192,Ice Rain
32,-1,97,4193,Soundtrack
32,-1,98,4194,Crystal
32,-1,99,4195,Atmosphere
32,-1,100,4196,Brightness
32,-1,101,4197,Goblins
32,-1,102,4198,Echo Drops
32,-1,103,4199,Star Theme
32,-1,104,4200,Sitar
32,-1,105,4201,Banjo
32,-1,106,4202,Shamisen
32,-1,107,4203,Koto
32,-1,108,4204,Kalimba
32,-1,109,4205,Bagpipe
32,-1,110,4206,Fiddle
32,-1,111,4207,Shanai
32,-1,112,4208,Tinkle Bell
32,-1,113,4209,Agogo
32,-1,114,4210,Steel Drums
32,-1,115,4211,Wood Block
32,-1,116,4212,Taiko
32,-1,117,4213,Melodic Tom
32,-1,118,4214,Synth Drum
32,-1,119,4215,Reverse Cymbal
32,-1,120,4216,Gtr Fret Noise
32,-1,121,4217,Breath Noise
32,-1,122,4218,Seashore
32,-1,123,4219,Bird
32,-1,124,4220,Telephone
32,-1,125,4221,Helicopter
32,-1,126,4222,Applause
32,-1,127,4223,Gun Shot
